Title_0.0,Title_1.0,Title_2.0,Title_3.0,Title_4.0,Pclass_1,Pclass_2,Pclass_3,Family_survival_0.0,Family_survival_0.5,Family_survival_1.0,Sex,Embarked,SibSp,Parch,Ticket,Family_size,Age
True,False,False,False,False,False,False,True,False,True,False,0,0,1,0,5,2,22.0
False,False,True,False,False,True,False,False,False,True,False,1,1,1,0,17599,2,38.0
False,True,False,False,False,False,False,True,False,True,False,1,0,0,0,2,1,26.0
False,False,True,False,False,True,False,False,False,False,True,1,0,1,0,113803,2,35.0
True,False,False,False,False,False,False,True,False,True,False,0,0,0,0,373450,1,35.0
True,False,False,False,False,False,False,True,False,True,False,0,2,0,0,330877,1,27.69994951757252
True,False,False,False,False,True,False,False,False,True,False,0,0,0,0,17463,1,54.0
False,False,False,True,False,False,False,True,False,False,True,0,0,3,1,349909,5,2.0
False,False,True,False,False,False,False,True,True,False,False,1,0,0,2,347742,3,27.0
False,False,True,False,False,False,True,False,False,False,True,1,1,1,0,237736,2,14.0
False,True,False,False,False,False,False,True,True,False,False,1,0,1,1,9549,3,4.0
False,True,False,False,False,True,False,False,False,True,False,1,0,0,0,113783,1,58.0
True,False,False,False,False,False,False,True,False,True,False,0,0,0,0,5,1,20.0
True,False,False,False,False,False,False,True,False,False,True,0,0,1,5,347082,7,39.0
False,True,False,False,False,False,False,True,False,True,False,1,0,0,0,350406,1,14.0
False,False,True,False,False,False,True,False,False,True,False,1,0,0,0,248706,1,55.0
False,False,False,True,False,False,False,True,False,False,True,0,2,4,1,382652,6,2.0
True,False,False,False,False,False,True,False,False,True,False,0,0,0,0,244373,1,33.650495810570234
False,False,True,False,False,False,False,True,False,False,True,1,0,1,0,345763,2,31.0
False,False,True,False,False,False,False,True,False,True,False,1,1,0,0,2649,1,24.26869645203811
True,False,False,False,False,False,True,False,False,False,True,0,0,0,0,239865,1,35.0
True,False,False,False,False,False,True,False,False,True,False,0,0,0,0,248698,1,34.0
False,True,False,False,False,False,False,True,False,True,False,1,2,0,0,330923,1,15.0
True,False,False,False,False,True,False,False,False,True,False,0,0,0,0,113788,1,28.0
False,True,False,False,False,False,False,True,False,False,True,1,0,3,1,349909,5,8.0
False,False,True,False,False,False,False,True,False,False,True,1,0,1,5,347077,7,38.0
True,False,False,False,False,False,False,True,False,True,False,0,1,0,0,2631,1,27.660783714133984
True,False,False,False,False,True,False,False,False,False,True,0,0,3,2,19950,6,19.0
False,True,False,False,False,False,False,True,False,True,False,1,2,0,0,330959,1,25.170114339722986
True,False,False,False,False,False,False,True,False,True,False,0,0,0,0,349216,1,27.66188044832195
False,False,False,False,True,True,False,False,False,True,False,0,1,0,0,17601,1,40.0
False,False,True,False,False,True,False,False,True,False,False,1,1,1,0,17569,2,36.08792859046282
False,True,False,False,False,False,False,True,False,True,False,1,2,0,0,335677,1,25.170549673168267
True,False,False,False,False,False,True,False,False,True,False,0,0,0,0,24579,1,66.0
True,False,False,False,False,True,False,False,True,False,False,0,1,1,0,17604,2,28.0
True,False,False,False,False,True,False,False,True,False,False,0,0,1,0,113789,2,42.0
True,False,False,False,False,False,False,True,False,True,False,0,1,0,0,2677,1,27.66078206482965
True,False,False,False,False,False,False,True,False,True,False,0,0,0,0,5,1,21.0
False,True,False,False,False,False,False,True,False,False,True,1,0,2,0,345764,3,18.0
False,True,False,False,False,False,False,True,True,False,False,1,1,1,0,2651,2,14.0
False,False,True,False,False,False,False,True,False,True,False,1,0,1,0,7546,2,40.0
False,False,True,False,False,False,True,False,False,False,True,1,0,1,0,11668,2,27.0
True,False,False,False,False,False,False,True,False,True,False,0,1,0,0,349253,1,27.681795924798465
False,True,False,False,False,False,True,False,False,False,True,1,1,1,2,2123,4,3.0
False,True,False,False,False,False,False,True,False,True,False,1,2,0,0,330958,1,19.0
True,False,False,False,False,False,False,True,False,True,False,0,0,0,0,4,1,27.639815229451315
True,False,False,False,False,False,False,True,False,True,False,0,2,1,0,370371,2,24.850248121064325
False,True,False,False,False,False,False,True,False,True,False,1,2,0,0,14311,1,25.150397110703928
True,False,False,False,False,False,False,True,False,True,False,0,1,2,0,2662,3,21.95602932071038
False,False,True,False,False,False,False,True,False,False,True,1,0,1,0,349237,2,18.0
False,False,False,True,False,False,False,True,False,False,True,0,0,4,1,3101295,6,7.0
True,False,False,False,False,False,False,True,False,True,False,0,0,0,0,4,1,21.0
False,False,True,False,False,True,False,False,True,False,False,1,1,1,0,17572,2,49.0
False,False,True,False,False,False,True,False,False,True,False,1,0,1,0,2926,2,29.0
True,False,False,False,False,True,False,False,False,True,False,0,1,0,1,113509,2,65.0
True,False,False,False,False,True,False,False,False,True,False,0,0,0,0,19947,1,41.98540492773273
False,True,False,False,False,False,True,False,False,True,False,1,0,0,0,31026,1,21.0
True,False,False,False,False,False,False,True,False,True,False,0,1,0,0,2697,1,28.5
False,True,False,False,False,False,True,False,False,False,True,1,0,1,2,34651,4,5.0
False,False,False,True,False,False,False,True,False,False,True,0,0,5,2,2144,8,11.0
True,False,False,False,False,False,False,True,False,True,False,0,1,0,0,2669,1,22.0
False,True,False,False,False,True,False,False,True,False,False,1,0,0,0,113572,1,38.0
True,False,False,False,False,True,False,False,True,False,False,0,0,1,0,36973,2,45.0
False,False,False,True,False,False,False,True,False,False,True,0,0,3,2,347088,6,4.0
True,False,False,False,False,True,False,False,False,True,False,0,1,0,0,17605,1,39.640997357019344
False,False,False,True,False,False,False,True,True,False,False,0,1,1,1,2661,3,21.443257320189495
False,False,True,False,False,False,True,False,False,True,False,1,0,0,0,29395,1,29.0
True,False,False,False,False,False,False,True,False,True,False,0,0,0,0,3464,1,19.0
False,True,False,False,False,False,False,True,False,True,False,1,0,4,2,3101281,7,17.0
True,False,False,False,False,False,False,True,False,True,False,0,0,2,0,315151,3,26.0
True,False,False,False,False,False,True,False,False,True,False,0,0,0,0,33111,1,32.0
False,True,False,False,False,False,False,True,False,False,True,1,0,5,2,2144,8,16.0
True,False,False,False,False,False,True,False,False,False,True,0,0,0,0,14879,1,21.0
True,False,False,False,False,False,False,True,False,True,False,0,1,1,0,2680,2,26.0
True,False,False,False,False,False,False,True,False,False,True,0,0,0,0,1601,1,32.0
True,False,False,False,False,False,False,True,False,True,False,0,0,0,0,348123,1,25.0
True,False,False,False,False,False,False,True,False,True,False,0,0,0,0,349208,1,27.661879946649403
True,False,False,False,False,False,False,True,False,True,False,0,0,0,0,374746,1,27.663314951148735
False,False,False,True,False,False,True,False,True,False,False,0,0,0,2,248738,3,0.83
False,True,False,False,False,False,False,True,True,False,False,1,0,0,0,364516,1,30.0
True,False,False,False,False,False,False,True,False,True,False,0,0,0,0,345767,1,22.0
True,False,False,False,False,False,False,True,False,True,False,0,0,0,0,345779,1,29.0
False,True,False,False,False,False,False,True,False,True,False,1,2,0,0,330932,1,25.17021163719709
True,False,False,False,False,True,False,False,False,True,False,0,0,0,0,113059,1,28.0
False,True,False,False,False,False,True,False,False,True,False,1,0,0,0,14885,1,17.0
False,False,True,False,False,False,False,True,False,False,True,1,0,3,0,3101278,4,33.0
True,False,False,False,False,False,False,True,False,False,True,0,0,1,3,6608,5,16.0
True,False,False,False,False,False,False,True,False,True,False,0,0,0,0,392086,1,27.66440232639419
False,True,False,False,False,True,False,False,False,False,True,1,0,3,2,19950,6,23.0
True,False,False,False,False,False,False,True,False,True,False,0,0,0,0,343275,1,24.0
True,False,False,False,False,False,False,True,False,True,False,0,0,0,0,343276,1,29.0
True,False,False,False,False,False,False,True,False,True,False,0,0,0,0,347466,1,20.0
True,False,False,False,False,True,False,False,False,True,False,0,0,1,0,5734,2,46.0
True,False,False,False,False,False,False,True,True,False,False,0,0,1,2,2315,4,26.0
True,False,False,False,False,False,False,True,False,True,False,0,0,0,0,364500,1,59.0
True,False,False,False,False,False,False,True,False,True,False,0,0,0,0,374910,1,27.663325235435945
True,False,False,False,False,True,False,False,False,True,False,0,1,0,0,17754,1,71.0
True,False,False,False,False,True,False,False,False,True,False,0,1,0,1,17759,2,23.0
False,False,True,False,False,False,True,False,True,False,False,1,0,0,1,231919,2,34.0
True,False,False,False,False,False,True,False,True,False,False,0,0,1,0,244367,2,34.0
False,True,False,False,False,False,False,True,False,True,False,1,0,0,0,349245,1,28.0
True,False,False,False,False,False,False,True,False,False,True,0,0,0,0,349215,1,27.618036958858866
True,False,False,False,False,True,False,False,False,False,True,0,0,0,1,35281,2,21.0
True,False,False,False,False,False,False,True,False,True,False,0,0,0,0,7540,1,33.0
True,False,False,False,False,False,False,True,False,False,True,0,0,2,0,3101276,3,37.0
True,False,False,False,False,False,False,True,False,True,False,0,0,0,0,349207,1,28.0
False,True,False,False,False,False,False,True,False,True,False,1,0,0,0,343120,1,21.0
True,False,False,False,False,False,False,True,False,True,False,0,0,0,0,312991,1,27.65973921653819
True,False,False,False,False,False,False,True,False,True,False,0,0,0,0,349249,1,38.0
False,True,False,False,False,False,False,True,False,False,True,1,2,1,0,371110,2,22.266647855670676
True,False,False,False,False,True,False,False,False,False,True,0,0,0,0,110465,1,47.0
False,True,False,False,False,False,False,True,False,False,True,1,1,1,0,2665,2,14.5
True,False,False,False,False,False,False,True,False,True,False,0,0,0,0,324669,1,22.0
False,True,False,False,False,False,False,True,False,False,True,1,0,1,0,4136,2,20.0
False,True,False,False,False,False,False,True,False,False,True,1,1,0,0,2627,1,17.0
True,False,False,False,False,False,False,True,False,True,False,0,0,0,0,2,1,21.0
True,False,False,False,False,False,False,True,False,True,False,0,2,0,0,370369,1,70.5
True,False,False,False,False,False,True,False,False,False,True,0,0,1,0,11668,2,29.0
True,False,False,False,False,True,False,False,True,False,False,0,1,0,1,17558,2,24.0
False,True,False,False,False,False,False,True,False,False,True,1,0,4,2,347082,7,2.0
True,False,False,False,False,False,True,False,False,False,True,0,0,2,0,14879,3,21.0
True,False,False,False,False,False,False,True,False,True,False,0,0,0,0,4,1,27.639815229451315
True,False,False,False,False,False,True,False,True,False,False,0,1,1,0,237736,2,32.5
False,True,False,False,False,False,True,False,False,True,False,1,0,0,0,27267,1,32.5
True,False,False,False,False,True,False,False,False,False,True,0,0,0,1,35281,2,54.0
False,False,False,True,False,False,False,True,True,False,False,0,1,1,0,2651,2,12.0
True,False,False,False,False,False,False,True,False,True,False,0,2,0,0,370372,1,27.70319082569989
True,False,False,False,False,False,False,True,False,True,False,0,0,0,0,17369,1,24.0
False,True,False,False,False,False,False,True,True,False,False,1,1,1,1,2668,3,22.67626888023763
True,False,False,False,False,False,False,True,False,True,False,0,0,0,0,347061,1,45.0
True,False,False,False,False,False,False,True,False,True,False,0,1,0,0,349241,1,33.0
True,False,False,False,False,False,False,True,False,True,False,0,0,0,0,3101307,1,20.0
False,False,True,False,False,False,False,True,False,True,False,1,0,1,0,5,2,47.0
False,False,True,False,False,False,True,False,False,True,False,1,0,1,0,228414,2,29.0
True,False,False,False,False,False,True,False,False,True,False,0,0,0,0,29178,1,25.0
True,False,False,False,False,False,True,False,False,True,False,0,1,0,0,2133,1,23.0
False,True,False,False,False,True,False,False,False,True,False,1,0,0,2,11752,3,19.0
True,False,False,False,False,True,False,False,True,False,False,0,0,1,0,113803,2,37.0
True,False,False,False,False,False,False,True,False,False,True,0,0,0,0,7534,1,16.0
True,False,False,False,False,True,False,False,False,False,True,0,1,0,0,17593,1,24.0
False,False,True,False,False,False,False,True,False,False,True,1,1,0,2,2678,3,22.569660465836527
False,True,False,False,False,False,False,True,False,True,False,1,0,0,0,347081,1,22.0
False,False,True,False,False,False,False,True,False,False,True,1,0,1,0,2,2,24.0
True,False,False,False,False,False,False,True,False,True,False,0,2,0,0,365222,1,19.0
True,False,False,False,False,False,True,False,False,True,False,0,0,0,0,231945,1,18.0
True,False,False,False,False,False,True,False,True,False,False,0,0,1,1,33112,3,19.0
True,False,False,False,False,False,False,True,False,True,False,0,0,0,0,350043,1,27.0
False,True,False,False,False,False,False,True,False,False,True,1,0,2,2,6608,5,9.0
True,False,False,False,False,False,True,False,True,False,False,0,0,0,2,230080,3,36.5
False,False,False,False,True,False,True,False,False,True,False,0,0,0,0,244310,1,42.0
False,False,False,False,True,False,True,False,False,True,False,0,0,0,0,1166,1,51.0
False,False,True,False,False,True,False,False,False,False,True,1,0,1,0,113776,2,22.0
True,False,False,False,False,False,False,True,False,True,False,0,0,0,0,5,1,55.5
True,False,False,False,False,False,False,True,False,True,False,0,0,0,2,5,3,40.5
True,False,False,False,False,False,False,True,False,True,False,0,0,0,0,265302,1,27.65724795489215
True,False,False,False,False,True,False,False,False,True,False,0,1,0,1,17597,2,51.0
False,True,False,False,False,False,False,True,False,True,False,1,2,0,0,35851,1,16.0
True,False,False,False,False,False,False,True,False,True,False,0,0,0,0,392090,1,30.0
True,False,False,False,False,False,False,True,False,True,False,0,0,0,0,315037,1,27.65890945850335
False,False,False,True,False,False,False,True,False,False,True,0,0,8,2,2343,11,0.5417124245981668
True,False,False,False,False,False,False,True,False,True,False,0,0,0,1,371362,2,44.0
False,False,True,False,False,False,True,False,False,True,False,1,0,0,0,33595,1,40.0
True,False,False,False,False,False,False,True,False,True,False,0,0,0,0,347068,1,26.0
True,False,False,False,False,False,False,True,False,False,True,0,0,0,0,315093,1,17.0
False,False,False,True,False,False,False,True,False,False,True,0,0,4,1,3101295,6,1.0
False,False,False,True,False,False,False,True,False,False,True,0,0,0,2,363291,3,9.0
False,False,True,False,False,True,False,False,True,False,False,1,0,0,1,113505,2,37.00785142439288
False,False,True,False,False,False,False,True,False,False,True,1,0,1,4,347088,6,45.0
True,False,False,False,False,True,False,False,False,True,False,0,0,0,0,17318,1,39.62300477855953
True,False,False,False,False,False,False,True,False,False,True,0,0,0,0,1601,1,28.0
True,False,False,False,False,True,False,False,False,True,False,0,0,0,0,111240,1,61.0
False,False,False,True,False,False,False,True,False,False,True,0,2,4,1,382652,6,4.0
False,True,False,False,False,False,False,True,True,False,False,1,0,1,1,347742,3,1.0
True,False,False,False,False,False,False,True,False,True,False,0,0,0,0,2,1,21.0
True,False,False,False,False,True,False,False,False,True,False,0,1,0,0,17764,1,56.0
True,False,False,False,False,False,False,True,False,True,False,0,0,1,1,350404,3,18.0
False,False,False,True,False,False,False,True,False,False,True,0,0,3,1,4133,5,15.635563149783664
False,True,False,False,False,True,False,False,False,True,False,1,1,0,0,17595,1,50.0
True,False,False,False,False,False,True,False,False,True,False,0,0,0,0,250653,1,30.0
True,False,False,False,False,False,False,True,False,False,True,0,0,0,0,5,1,36.0
False,True,False,False,False,False,False,True,False,False,True,1,0,8,2,2343,11,0.596115751556745
True,False,False,False,False,False,True,False,False,True,False,0,1,0,0,2131,1,33.65300521118844
False,False,False,True,False,False,False,True,True,False,False,0,0,4,2,347077,7,9.0
False,False,False,True,False,False,True,False,True,False,False,0,0,2,1,230136,4,1.0
False,True,False,False,False,False,False,True,False,True,False,1,0,0,2,315153,3,4.0
True,False,False,False,False,True,False,False,False,True,False,0,0,0,0,113767,1,42.7664926512063
False,False,True,False,False,False,False,True,False,False,True,1,2,1,0,370365,2,21.414315927196796
True,False,False,False,False,True,False,False,False,True,False,0,0,0,0,111428,1,45.0
True,False,False,False,False,False,False,True,False,False,True,0,2,1,1,364849,3,40.0
True,False,False,False,False,False,False,True,False,True,False,0,0,0,0,349247,1,36.0
False,False,True,False,False,False,True,False,False,True,False,1,0,0,0,234604,1,32.0
True,False,False,False,False,False,True,False,False,True,False,0,0,0,0,28424,1,19.0
False,True,False,False,False,False,False,True,False,True,False,1,0,1,0,350046,2,19.0
False,False,False,True,False,False,True,False,False,False,True,0,0,1,1,230080,3,3.0
False,False,True,False,False,True,False,False,False,True,False,1,1,0,0,17610,1,44.0
False,True,False,False,False,True,False,False,True,False,False,1,1,0,0,17569,1,58.0
True,False,False,False,False,False,False,True,False,True,False,0,2,0,0,368703,1,27.70308616426479
True,False,False,False,False,False,False,True,False,True,False,0,0,0,1,4579,2,42.0
False,True,False,False,False,False,False,True,False,True,False,1,2,0,0,370370,1,25.17272523887707
False,True,False,False,False,False,True,False,False,True,False,1,0,0,0,248747,1,24.0
True,False,False,False,False,False,False,True,False,True,False,0,0,0,0,345770,1,28.0
True,False,False,False,False,False,False,True,False,False,True,0,0,8,2,2343,11,3.126581212961426
True,False,False,False,False,False,False,True,False,True,False,0,0,0,0,3101264,1,34.0
True,False,False,False,False,False,False,True,False,True,False,0,1,0,0,2628,1,45.5
True,False,False,False,False,False,False,True,False,True,False,0,0,0,0,5,1,18.0
False,True,False,False,False,False,False,True,False,False,True,1,0,0,1,347054,2,2.0
True,False,False,False,False,False,False,True,True,False,False,0,0,1,0,3101278,2,32.0
True,False,False,False,False,False,False,True,False,False,True,0,1,0,0,2699,1,26.0
False,True,False,False,False,False,False,True,False,True,False,1,2,0,0,367231,1,16.0
True,False,False,False,False,True,False,False,False,True,False,0,1,0,0,112277,1,40.0
True,False,False,False,False,False,False,True,False,False,True,0,0,0,0,3101311,1,24.0
False,True,False,False,False,False,True,False,False,True,False,1,0,0,0,13528,1,35.0
True,False,False,False,False,False,False,True,False,True,False,0,0,0,0,5,1,22.0
True,False,False,False,False,False,True,False,False,True,False,0,0,0,0,250646,1,30.0
True,False,False,False,False,False,False,True,False,True,False,0,2,1,0,367229,2,24.858417253805356
False,True,False,False,False,True,False,False,False,False,True,1,1,1,0,35273,2,31.0
False,True,False,False,False,False,False,True,False,True,False,1,0,0,0,2,1,27.0
True,False,False,False,False,False,True,False,True,False,False,0,0,1,0,243847,2,42.0
False,True,False,False,False,True,False,False,False,True,False,1,1,0,0,11813,1,32.0
True,False,False,False,False,False,True,False,True,False,False,0,0,0,0,14208,1,30.0
True,False,False,False,False,False,False,True,False,True,False,0,0,0,0,392089,1,16.0
True,False,False,False,False,False,True,False,False,True,False,0,0,0,0,220367,1,27.0
True,False,False,False,False,False,False,True,False,True,False,0,0,0,0,21440,1,51.0
True,False,False,False,False,False,False,True,False,True,False,0,0,0,0,349234,1,27.66188157708518
True,False,False,False,False,True,False,False,True,False,False,0,0,1,0,19943,2,38.0
True,False,False,False,False,False,False,True,False,True,False,0,0,0,0,4348,1,22.0
True,False,False,False,False,False,True,False,False,True,False,0,0,0,0,751,1,19.0
True,False,False,False,False,False,False,True,False,True,False,0,0,0,0,5,1,20.5
True,False,False,False,False,False,True,False,False,True,False,0,0,0,0,236171,1,18.0
False,True,False,False,False,False,False,True,False,False,True,1,0,3,1,4133,5,15.689966476742235
False,False,True,False,False,True,False,False,False,False,True,1,0,1,0,36973,2,35.0
True,False,False,False,False,False,False,True,False,True,False,0,0,0,0,347067,1,29.0
True,False,False,False,False,False,True,False,False,True,False,0,0,0,0,237442,1,59.0
False,True,False,False,False,False,False,True,False,False,True,1,0,4,2,347077,7,5.0
True,False,False,False,False,False,True,False,False,True,False,0,0,0,0,29566,1,24.0
False,True,False,False,False,False,False,True,False,True,False,1,0,0,0,6609,1,25.11030371400021
True,False,False,False,False,False,True,False,False,True,False,0,0,1,0,26707,2,44.0
False,True,False,False,False,False,True,False,False,False,True,1,0,0,2,31921,3,8.0
True,False,False,False,False,False,True,False,False,True,False,0,0,0,0,28665,1,19.0
True,False,False,False,False,False,True,False,False,True,False,0,0,0,0,1585,1,33.0
False,True,False,False,False,False,False,True,False,False,True,1,1,1,0,2665,2,22.2340965224205
False,True,False,False,False,False,False,True,True,False,False,1,2,1,0,367230,2,22.36342911722992
True,False,False,False,False,False,True,False,False,True,False,0,0,0,0,14263,1,29.0
True,False,False,False,False,False,False,True,False,True,False,0,0,0,0,2,1,22.0
True,False,False,False,False,False,False,True,False,True,False,0,1,0,0,2694,1,30.0
False,False,False,False,True,True,False,False,True,False,False,0,2,2,0,19928,3,44.0
False,True,False,False,False,False,False,True,False,True,False,1,0,0,0,347071,1,25.0
False,False,True,False,False,False,True,False,True,False,False,1,0,0,2,250649,3,24.0
True,False,False,False,False,True,False,False,True,False,False,0,0,1,1,11751,3,37.0
False,False,False,False,True,False,True,False,False,False,True,0,0,1,0,244252,2,54.0
True,False,False,False,False,False,False,True,False,True,False,0,0,0,0,362316,1,27.663399081520186
False,False,True,False,False,False,False,True,False,False,True,1,0,1,1,347054,3,29.0
True,False,False,False,False,True,False,False,False,True,False,0,0,0,0,113514,1,62.0
True,False,False,False,False,False,False,True,False,False,True,0,0,1,0,5,2,30.0
False,False,True,False,False,False,False,True,False,False,True,1,0,0,2,370129,3,41.0
False,False,True,False,False,False,False,True,False,True,False,1,1,0,2,2650,3,29.0
False,False,True,False,False,True,False,False,False,True,False,1,1,0,0,17585,1,36.19333565231203
False,True,False,False,False,True,False,False,True,False,False,1,0,0,0,110152,1,30.0
False,True,False,False,False,True,False,False,True,False,False,1,1,0,0,17755,1,35.0
False,False,True,False,False,False,True,False,True,False,False,1,0,0,1,230433,2,50.0
True,False,False,False,False,False,False,True,False,True,False,0,2,0,0,384461,1,27.704074333764094
False,False,False,True,False,False,False,True,False,False,True,0,0,4,2,347077,7,3.0
True,False,False,False,False,True,False,False,True,False,False,0,0,1,1,110413,3,52.0
True,False,False,False,False,True,False,False,False,True,False,0,0,0,0,112059,1,40.0
False,True,False,False,False,False,False,True,False,True,False,1,2,0,0,382649,1,25.173495243527526
True,False,False,False,False,False,True,False,False,True,False,0,0,0,0,17248,1,36.0
True,False,False,False,False,False,False,True,False,False,True,0,0,4,1,3101295,6,16.0
True,False,False,False,False,False,False,True,False,True,False,0,0,1,0,347083,2,25.0
False,False,True,False,False,True,False,False,False,False,True,1,0,0,1,17582,2,58.0
False,True,False,False,False,True,False,False,False,False,True,1,0,0,0,17760,1,35.0
True,False,False,False,False,True,False,False,True,False,False,0,0,0,0,113798,1,39.66741988777569
True,False,False,False,False,False,False,True,False,False,True,0,0,0,0,5,1,25.0
False,False,True,False,False,False,True,False,True,False,False,1,0,0,1,250644,2,41.0
True,False,False,False,False,True,False,False,False,True,False,0,1,0,1,17596,2,37.0
False,True,False,False,False,False,False,True,False,True,False,1,2,0,0,370375,1,25.172725552422413
False,True,False,False,False,True,False,False,True,False,False,1,0,1,0,13502,2,63.0
False,True,False,False,False,False,False,True,False,True,False,1,0,0,0,347073,1,45.0
True,False,False,False,False,False,True,False,False,False,True,0,0,0,0,239853,1,33.62040250530977
False,False,False,True,False,False,False,True,False,False,True,0,2,4,1,382652,6,7.0
False,False,True,False,False,False,False,True,False,False,True,1,0,1,1,2673,3,35.0
True,False,False,False,False,False,False,True,False,True,False,0,2,0,0,336439,1,65.0
True,False,False,False,False,False,False,True,False,False,True,0,0,0,0,347464,1,28.0
True,False,False,False,False,False,False,True,False,True,False,0,0,0,0,345778,1,16.0
True,False,False,False,False,False,False,True,False,True,False,0,0,0,0,5,1,19.0
True,False,False,False,False,True,False,False,False,True,False,0,0,0,0,113056,1,42.79235618779572
True,False,False,False,False,False,False,True,False,True,False,0,1,0,0,349239,1,33.0
True,False,False,False,False,False,False,True,False,True,False,0,0,0,0,345774,1,30.0
True,False,False,False,False,False,False,True,False,True,False,0,0,0,0,349206,1,22.0
True,False,False,False,False,False,True,False,False,True,False,0,0,0,0,237798,1,42.0
False,True,False,False,False,False,False,True,False,True,False,1,2,0,0,370373,1,22.0
False,True,False,False,False,True,False,False,False,False,True,1,0,0,0,19877,1,26.0
False,False,True,False,False,True,False,False,True,False,False,1,1,1,0,11967,2,19.0
True,False,False,False,False,False,True,False,False,True,False,0,1,0,0,2163,1,36.0
False,True,False,False,False,False,False,True,False,True,False,1,0,0,0,349236,1,24.0
True,False,False,False,False,False,False,True,False,True,False,0,0,0,0,349233,1,24.0
True,False,False,False,False,True,False,False,False,True,False,0,1,0,0,17612,1,39.64099779598283
True,False,False,False,False,False,False,True,False,True,False,0,1,0,0,2693,1,23.5
False,True,False,False,False,True,False,False,False,False,True,1,0,1,2,113781,4,2.0
True,False,False,False,False,True,False,False,False,True,False,0,0,0,0,19988,1,41.99080502437475
False,False,True,False,False,True,False,False,False,False,True,1,1,0,1,17558,2,50.0
False,True,False,False,False,False,False,True,True,False,False,1,2,0,0,9234,1,25.193922163517847
True,False,False,False,False,False,False,True,True,False,False,0,2,2,0,367226,3,22.04095168587184
True,False,False,False,False,False,False,True,False,False,True,0,0,0,0,5,1,19.0
False,True,False,False,False,False,True,False,False,True,False,1,2,0,0,226593,1,32.74115773840239
True,False,False,False,False,False,False,True,False,True,False,0,0,0,0,5,1,27.639815292160385
False,False,False,True,False,True,False,False,False,False,True,0,0,1,2,113781,4,0.92
False,True,False,False,False,True,False,False,False,False,True,1,1,0,0,17421,1,36.976902586345474
False,False,True,False,False,True,False,False,False,False,True,1,1,1,0,17758,2,17.0
True,False,False,False,False,False,True,False,True,False,False,0,1,1,0,3381,2,30.0
False,True,False,False,False,True,False,False,True,False,False,1,1,0,0,17485,1,30.0
False,True,False,False,False,True,False,False,True,False,False,1,1,0,0,11767,1,24.0
False,True,False,False,False,True,False,False,True,False,False,1,1,2,2,17608,5,18.0
False,False,True,False,False,False,True,False,False,True,False,1,0,1,1,250651,3,26.0
True,False,False,False,False,False,False,True,False,True,False,0,0,0,0,349243,1,28.0
True,False,False,False,False,False,True,False,True,False,False,0,0,1,1,13529,3,43.0
False,True,False,False,False,False,False,True,False,True,False,1,0,0,0,347470,1,26.0
False,False,True,False,False,False,True,False,False,False,True,1,0,1,0,244367,2,24.0
False,False,False,False,True,False,True,False,False,True,False,0,0,0,0,29011,1,54.0
False,True,False,False,False,True,False,False,True,False,False,1,0,0,2,36928,3,31.0
False,False,True,False,False,True,False,False,True,False,False,1,1,1,1,16966,3,40.0
True,False,False,False,False,False,False,True,False,True,False,0,0,0,0,5,1,22.0
True,False,False,False,False,False,False,True,False,True,False,0,0,0,0,349219,1,27.0
False,True,False,False,False,False,True,False,False,True,False,1,2,0,0,234818,1,30.0
False,False,True,False,False,False,True,False,True,False,False,1,0,1,1,248738,3,22.0
True,False,False,False,False,False,False,True,False,False,True,0,0,8,2,2343,11,3.126581212961426
False,True,False,False,False,True,False,False,False,False,True,1,1,0,0,17760,1,36.0
True,False,False,False,False,False,False,True,False,True,False,0,0,0,0,345364,1,61.0
False,False,True,False,False,False,True,False,False,True,False,1,0,0,0,28551,1,36.0
False,False,True,False,False,False,False,True,False,False,True,1,0,1,1,363291,3,31.0
False,True,False,False,False,True,False,False,True,False,False,1,1,0,1,111361,2,16.0
False,True,False,False,False,False,False,True,True,False,False,1,2,2,0,367226,3,19.51048622446715
True,False,False,False,False,True,False,False,False,True,False,0,0,0,0,113043,1,45.5
True,False,False,False,False,True,False,False,True,False,False,0,0,0,1,17582,2,38.0
True,False,False,False,False,False,False,True,False,False,True,0,0,2,0,345764,3,16.0
False,False,True,False,False,True,False,False,True,False,False,1,0,1,0,17611,2,33.31391202250854
True,False,False,False,False,False,False,True,False,True,False,0,0,0,0,349225,1,27.661881012703564
True,False,False,False,False,True,False,False,True,False,False,0,0,1,0,113776,2,29.0
False,True,False,False,False,True,False,False,True,False,False,1,1,0,0,16966,1,41.0
True,False,False,False,False,False,False,True,False,True,False,0,0,0,0,7598,1,45.0
True,False,False,False,False,True,False,False,False,True,False,0,0,0,0,113784,1,45.0
False,False,False,True,False,False,True,False,False,False,True,0,0,1,1,230080,3,2.0
False,True,False,False,False,True,False,False,False,False,True,1,0,3,2,19950,6,24.0
True,False,False,False,False,False,True,False,False,True,False,0,0,0,0,248740,1,28.0
True,False,False,False,False,False,True,False,False,True,False,0,0,0,0,244361,1,25.0
True,False,False,False,False,False,True,False,False,True,False,0,0,0,0,229236,1,36.0
False,True,False,False,False,False,True,False,False,True,False,1,0,0,0,248733,1,24.0
False,True,False,False,False,False,True,False,False,True,False,1,0,0,0,31418,1,40.0
False,False,True,False,False,False,False,True,False,True,False,1,0,1,0,386525,2,21.418698716945197
False,False,False,True,False,False,False,True,True,False,False,0,0,1,1,37671,3,3.0
True,False,False,False,False,False,False,True,False,True,False,0,0,0,0,315088,1,42.0
True,False,False,False,False,False,False,True,False,True,False,0,0,0,0,7267,1,23.0
True,False,False,False,False,True,False,False,False,True,False,0,0,0,0,113510,1,41.99181192885323
True,False,False,False,False,False,False,True,False,False,True,0,1,1,1,2695,3,15.0
True,False,False,False,False,False,False,True,False,False,True,0,0,1,0,349237,2,25.0
True,False,False,False,False,False,False,True,False,True,False,0,1,0,0,2647,1,27.66078471747908
True,False,False,False,False,False,False,True,False,True,False,0,0,0,0,345783,1,28.0
False,True,False,False,False,True,False,False,True,False,False,1,0,0,1,113505,2,22.0
False,True,False,False,False,False,True,False,False,True,False,1,0,0,0,237671,1,38.0
False,True,False,False,False,False,False,True,False,True,False,1,2,0,0,330931,1,25.17011258386907
False,True,False,False,False,False,False,True,False,True,False,1,2,0,0,330980,1,25.17011565661342
True,False,False,False,False,False,False,True,False,False,True,0,0,1,4,347088,6,40.0
True,False,False,False,False,False,True,False,False,True,False,0,1,1,0,2167,2,29.0
False,False,True,False,False,False,False,True,False,False,True,1,1,0,1,2691,2,45.0
True,False,False,False,False,False,False,True,False,True,False,0,0,0,0,3101310,1,35.0
True,False,False,False,False,False,False,True,True,False,False,0,2,1,0,370365,2,24.89409117156393
True,False,False,False,False,False,False,True,False,True,False,0,0,0,0,7076,1,30.0
False,False,True,False,False,True,False,False,False,True,False,1,1,1,0,110813,2,60.0
False,False,True,False,False,False,False,True,False,True,False,1,1,0,0,2626,1,24.26869047580806
False,True,False,False,False,False,False,True,False,True,False,1,2,0,0,14313,1,25.15039723612206
False,False,False,False,True,True,False,False,True,False,False,1,1,0,0,17477,1,24.0
True,False,False,False,False,True,False,False,False,True,False,0,1,1,0,11765,2,25.0
True,False,False,False,False,False,False,True,False,True,False,0,0,1,0,3101267,2,18.0
True,False,False,False,False,False,False,True,False,True,False,0,0,0,0,323951,1,19.0
True,False,False,False,False,True,False,False,True,False,False,0,1,0,0,17760,1,22.0
False,True,False,False,False,False,False,True,False,False,True,1,0,3,1,349909,5,3.0
False,False,True,False,False,True,False,False,False,False,True,1,1,1,0,17604,2,33.30170994594485
False,True,False,False,False,False,False,True,False,True,False,1,0,0,0,7077,1,22.0
True,False,False,False,False,True,False,False,False,True,False,0,1,0,2,113503,3,27.0
True,False,False,False,False,False,False,True,False,True,False,0,1,0,0,2648,1,20.0
True,False,False,False,False,False,False,True,False,True,False,0,0,0,0,347069,1,19.0
False,True,False,False,False,True,False,False,False,False,True,1,1,0,0,17757,1,42.0
False,True,False,False,False,False,False,True,True,False,False,1,1,0,2,2653,3,1.0
True,False,False,False,False,False,False,True,False,True,False,0,0,0,0,2,1,32.0
False,False,True,False,False,True,False,False,False,False,True,1,0,1,0,113789,2,35.0
True,False,False,False,False,False,False,True,False,True,False,0,0,0,0,349227,1,27.6618811381217
True,False,False,False,False,False,True,False,False,False,True,0,0,0,0,14879,1,18.0
False,False,False,True,False,False,False,True,False,False,True,0,0,5,2,2144,8,1.0
False,True,False,False,False,False,True,False,False,True,False,1,0,0,0,27849,1,36.0
True,False,False,False,False,False,False,True,False,True,False,0,2,0,0,367655,1,27.703042898867515
False,True,False,False,False,False,True,False,False,True,False,1,1,0,0,1748,1,17.0
True,False,False,False,False,True,False,False,True,False,False,0,0,1,2,113760,4,36.0
True,False,False,False,False,False,False,True,False,True,False,0,0,0,0,350034,1,21.0
True,False,False,False,False,False,False,True,False,False,True,0,0,2,0,3101277,3,28.0
False,True,False,False,False,True,False,False,False,False,True,1,1,1,0,35273,2,23.0
False,False,True,False,False,False,False,True,True,False,False,1,0,0,2,9549,3,24.0
True,False,False,False,False,False,False,True,False,True,False,0,0,0,0,350052,1,22.0
False,True,False,False,False,False,False,True,False,False,True,1,0,0,0,350407,1,31.0
True,False,False,False,False,False,True,False,False,False,True,0,0,0,0,28403,1,46.0
False,False,False,False,True,False,True,False,False,True,False,0,0,0,0,244278,1,23.0
False,False,True,False,False,False,True,False,False,True,False,1,0,0,0,240929,1,28.0
True,False,False,False,False,False,False,True,False,True,False,0,0,0,0,2,1,39.0
True,False,False,False,False,False,False,True,False,True,False,0,0,0,0,341826,1,26.0
False,True,False,False,False,False,False,True,False,False,True,1,0,1,0,4137,2,21.0
True,False,False,False,False,False,False,True,True,False,False,0,0,1,0,2,2,28.0
False,True,False,False,False,False,False,True,False,False,True,1,0,0,0,315096,1,20.0
True,False,False,False,False,False,True,False,False,True,False,0,0,1,0,28664,2,34.0
True,False,False,False,False,False,False,True,False,True,False,0,0,0,0,347064,1,51.0
False,False,False,True,False,False,True,False,True,False,False,0,0,1,1,29106,3,3.0
True,False,False,False,False,False,False,True,False,True,False,0,0,0,0,312992,1,21.0
False,True,False,False,False,False,False,True,False,False,True,1,0,3,1,4133,5,15.689966476742235
True,False,False,False,False,False,False,True,False,True,False,0,0,0,0,349222,1,27.661880824576357
True,False,False,False,False,False,False,True,False,True,False,0,2,0,0,394140,1,27.705643889546995
False,True,False,False,False,True,False,False,False,False,True,1,2,1,0,19928,2,33.0
True,False,False,False,False,False,True,False,False,False,True,0,0,0,0,239853,1,33.62040250530977
True,False,False,False,False,False,False,True,False,True,False,0,0,0,0,2,1,44.0
False,False,True,False,False,False,False,True,False,True,False,1,0,0,0,343095,1,24.269241755566792
False,False,True,False,False,False,True,False,False,True,False,1,0,1,1,28220,3,34.0
False,True,False,False,False,False,True,False,False,True,False,1,0,0,2,250652,3,18.0
True,False,False,False,False,False,True,False,False,True,False,0,0,0,0,28228,1,30.0
False,True,False,False,False,False,False,True,False,False,True,1,0,0,2,345773,3,10.0
True,False,False,False,False,False,False,True,False,True,False,0,1,0,0,349254,1,27.68179598750753
True,False,False,False,False,False,False,True,False,True,False,0,2,0,0,5,1,21.0
True,False,False,False,False,False,False,True,False,True,False,0,0,0,0,315082,1,29.0
False,False,True,False,False,False,False,True,False,False,True,1,0,1,1,347080,3,28.0
True,False,False,False,False,False,False,True,False,False,True,0,0,1,1,370129,3,18.0
True,False,False,False,False,False,False,True,False,True,False,0,0,0,0,4,1,27.64067883354255
False,False,True,False,False,False,True,False,False,True,False,1,0,1,0,2003,2,28.0
False,True,False,False,False,False,True,False,False,False,True,1,0,0,0,250655,1,19.0
True,False,False,False,False,False,False,True,False,True,False,0,2,0,0,364851,1,27.702844608933447
True,False,False,False,False,False,False,True,False,True,False,0,0,0,0,392078,1,32.0
True,False,False,False,False,True,False,False,False,True,False,0,0,0,0,110564,1,28.0
False,False,True,False,False,False,False,True,False,False,True,1,0,1,0,376564,2,21.374230645161198
False,False,True,False,False,False,True,False,False,True,False,1,0,1,0,3085,2,42.0
True,False,False,False,False,False,False,True,False,True,False,0,0,0,0,2,1,17.0
True,False,False,False,False,True,False,False,True,False,False,0,0,1,0,13507,2,50.0
False,True,False,False,False,True,False,False,True,False,False,1,0,1,2,113760,4,14.0
False,True,False,False,False,False,False,True,False,False,True,1,0,2,2,6608,5,21.0
False,False,True,False,False,False,True,False,True,False,False,1,0,2,3,29106,6,24.0
True,False,False,False,False,True,False,False,False,False,True,0,0,1,4,19950,6,64.0
True,False,False,False,False,False,True,False,False,True,False,0,0,0,0,18723,1,31.0
False,False,True,False,False,False,True,False,False,False,True,1,0,1,1,13529,3,45.0
True,False,False,False,False,False,False,True,False,True,False,0,0,0,0,345769,1,20.0
True,False,False,False,False,False,False,True,False,True,False,0,0,1,0,347076,2,25.0
False,False,False,False,True,False,True,False,False,True,False,1,0,0,0,230434,1,28.0
True,False,False,False,False,False,False,True,False,True,False,0,0,0,0,65306,1,27.643842787964093
False,False,False,True,False,True,False,False,False,True,False,0,0,0,2,33638,3,4.0
False,True,False,False,False,False,True,False,True,False,False,1,0,0,1,250644,2,13.0
True,False,False,False,False,True,False,False,False,True,False,0,0,0,0,113794,1,34.0
False,True,False,False,False,False,False,True,True,False,False,1,1,2,1,2666,4,5.0
False,False,False,False,True,True,False,False,False,True,False,0,0,0,0,113786,1,52.0
True,False,False,False,False,False,True,False,True,False,False,0,0,1,2,34651,4,36.0
True,False,False,False,False,False,False,True,False,False,True,0,0,1,0,65303,2,24.742626026267324
True,False,False,False,False,True,False,False,False,True,False,0,1,0,0,113051,1,30.0
True,False,False,False,False,True,False,False,True,False,False,0,1,1,0,17453,2,49.0
True,False,False,False,False,False,False,True,False,True,False,0,0,0,0,5,1,27.639815292160385
True,False,False,False,False,False,False,True,False,True,False,0,1,0,0,349240,1,29.0
True,False,False,False,False,True,False,False,False,True,False,0,0,0,0,13509,1,65.0
False,False,True,False,False,True,False,False,False,True,False,1,0,1,0,17464,2,35.335492359119115
False,True,False,False,False,False,True,False,False,True,False,1,0,0,0,13531,1,50.0
True,False,False,False,False,False,False,True,False,True,False,0,2,0,0,371060,1,27.70323396953893
True,False,False,False,False,True,False,False,False,True,False,0,0,0,0,19952,1,48.0
True,False,False,False,False,False,False,True,False,True,False,0,0,0,0,364506,1,34.0
True,False,False,False,False,True,False,False,False,True,False,0,0,0,0,111320,1,47.0
True,False,False,False,False,False,True,False,False,True,False,0,0,0,0,234360,1,48.0
True,False,False,False,False,False,False,True,False,True,False,0,0,0,0,2816,1,27.63999156735156
True,False,False,False,False,False,False,True,False,True,False,0,0,0,0,3101306,1,38.0
True,False,False,False,False,False,True,False,False,False,True,0,0,0,0,239853,1,33.62040250530977
True,False,False,False,False,True,False,False,False,True,False,0,0,0,0,113792,1,56.0
True,False,False,False,False,False,False,True,False,True,False,0,2,0,0,36209,1,27.68226276291553
False,True,False,False,False,False,False,True,True,False,False,1,1,2,1,2666,4,0.75
True,False,False,False,False,False,False,True,False,True,False,0,0,0,0,323592,1,27.660970735556802
True,False,False,False,False,False,False,True,False,False,True,0,0,0,0,315089,1,38.0
False,False,True,False,False,False,True,False,False,False,True,1,0,1,2,34651,4,33.0
False,False,True,False,False,False,True,False,False,True,False,1,1,0,0,541,1,23.0
False,True,False,False,False,False,False,True,False,True,False,1,0,0,0,7553,1,22.0
True,False,False,False,False,True,False,False,False,False,True,0,0,0,0,110465,1,42.720283148880455
True,False,False,False,False,False,True,False,True,False,False,0,0,1,0,31027,2,34.0
True,False,False,False,False,False,False,True,False,True,False,0,0,1,0,3460,2,29.0
True,False,False,False,False,False,False,True,False,True,False,0,0,0,0,350060,1,22.0
False,True,False,False,False,False,False,True,False,True,False,1,0,0,1,3101298,2,2.0
False,False,False,True,False,False,False,True,False,False,True,0,0,5,2,2144,8,9.0
True,False,False,False,False,False,True,False,False,True,False,0,0,0,0,239854,1,33.664245994772855
True,False,False,False,False,False,False,True,False,True,False,0,0,0,0,5,1,50.0
False,False,True,False,False,False,False,True,False,True,False,1,0,0,0,4134,1,63.0
True,False,False,False,False,True,False,False,True,False,False,0,1,1,0,11967,2,25.0
False,True,False,False,False,False,False,True,False,False,True,1,0,3,1,4133,5,15.689966476742235
False,False,True,False,False,True,False,False,True,False,False,1,0,1,0,19943,2,35.0
True,False,False,False,False,True,False,False,False,True,False,0,1,0,0,11771,1,58.0
True,False,False,False,False,False,False,True,False,True,False,0,0,0,0,5,1,30.0
False,False,False,True,False,False,False,True,True,False,False,0,0,1,1,37671,3,9.0
True,False,False,False,False,False,False,True,False,False,True,0,0,1,0,65304,2,24.74262608897639
True,False,False,False,False,False,False,True,False,True,False,0,0,0,0,3101317,1,21.0
True,False,False,False,False,True,False,False,False,True,False,0,0,0,0,113787,1,55.0
True,False,False,False,False,True,False,False,False,True,False,0,1,0,0,17609,1,71.0
True,False,False,False,False,False,False,True,False,True,False,0,0,0,0,4,1,21.0
True,False,False,False,False,False,False,True,False,False,True,0,1,0,0,2627,1,27.60913165220229
False,True,False,False,False,True,False,False,True,False,False,1,1,1,0,36947,2,54.0
True,False,False,False,False,False,False,True,False,True,False,0,0,0,0,6212,1,27.63259401629373
False,False,True,False,False,True,False,False,False,False,True,1,0,1,2,113781,4,25.0
True,False,False,False,False,False,False,True,False,True,False,0,0,0,0,350035,1,24.0
True,False,False,False,False,False,False,True,False,False,True,0,0,0,0,315086,1,17.0
False,True,False,False,False,False,False,True,False,True,False,1,2,0,0,364846,1,21.0
False,True,False,False,False,False,False,True,False,True,False,1,2,0,0,330909,1,25.170381080548076
False,True,False,False,False,False,False,True,False,True,False,1,0,0,0,4135,1,37.0
False,True,False,False,False,True,False,False,True,False,False,1,0,0,0,110152,1,16.0
True,False,False,False,False,True,False,False,True,False,False,0,1,1,0,17758,2,18.0
False,False,True,False,False,False,True,False,True,False,False,1,0,0,2,26360,3,33.0
True,False,False,False,False,True,False,False,False,True,False,0,0,0,0,111427,1,39.62823157557807
True,False,False,False,False,False,False,True,False,True,False,0,0,0,0,4001,1,28.0
True,False,False,False,False,False,False,True,False,False,True,0,0,0,0,1601,1,26.0
True,False,False,False,False,False,False,True,False,True,False,0,2,0,0,382651,1,29.0
True,False,False,False,False,False,False,True,False,True,False,0,0,0,0,3101316,1,27.834295615682002
True,False,False,False,False,True,False,False,False,True,False,0,0,0,0,17473,1,36.0
False,False,True,False,False,True,False,False,False,True,False,1,1,1,0,17603,2,54.0
True,False,False,False,False,False,False,True,False,False,True,0,0,0,0,349209,1,24.0
True,False,False,False,False,True,False,False,False,True,False,0,0,0,0,36967,1,47.0
False,False,True,False,False,False,True,False,False,True,False,1,0,0,0,34260,1,34.0
True,False,False,False,False,False,False,True,False,False,True,0,2,0,0,371110,1,27.64168979436803
False,False,True,False,False,False,True,False,False,True,False,1,0,1,0,226875,2,36.0
True,False,False,False,False,False,False,True,False,True,False,0,0,0,0,349242,1,32.0
False,True,False,False,False,True,False,False,True,False,False,1,0,0,0,12749,1,30.0
True,False,False,False,False,False,False,True,False,True,False,0,0,0,0,349252,1,22.0
True,False,False,False,False,False,False,True,False,True,False,0,1,0,0,2624,1,27.660783275170505
False,False,True,False,False,True,False,False,True,False,False,1,1,0,1,111361,2,44.0
True,False,False,False,False,False,False,True,False,True,False,0,1,0,0,2700,1,27.660783507138223
True,False,False,False,False,False,False,True,False,True,False,0,2,0,0,367232,1,40.5
False,True,False,False,False,False,True,False,False,True,False,1,0,0,0,14258,1,50.0
True,False,False,False,False,True,False,False,False,True,False,0,0,0,0,17483,1,41.78416106354846
True,False,False,False,False,False,False,True,False,True,False,0,0,0,0,3101296,1,39.0
True,False,False,False,False,False,True,False,False,True,False,0,0,2,1,29104,4,23.0
False,True,False,False,False,False,True,False,True,False,False,1,0,1,1,26360,3,2.0
True,False,False,False,False,False,False,True,False,True,False,0,1,0,0,2641,1,27.66077980730319
True,False,False,False,False,False,False,True,False,False,True,0,1,1,1,2690,3,17.0
False,False,True,False,False,False,False,True,True,False,False,1,1,0,2,2668,3,22.649668712130243
False,True,False,False,False,False,False,True,False,False,True,1,0,0,0,315084,1,30.0
False,True,False,False,False,False,True,False,False,False,True,1,0,0,2,13529,3,7.0
False,False,False,False,True,True,False,False,False,True,False,0,0,0,0,113050,1,45.0
False,True,False,False,False,True,False,False,False,False,True,1,1,0,0,17761,1,30.0
True,False,False,False,False,False,False,True,False,True,False,0,0,0,0,364498,1,27.655709500630547
False,True,False,False,False,True,False,False,False,True,False,1,1,0,2,13568,3,22.0
False,True,False,False,False,True,False,False,False,False,True,1,0,0,2,5735,3,36.0
False,True,False,False,False,False,False,True,False,False,True,1,0,4,2,347082,7,9.0
False,True,False,False,False,False,False,True,False,False,True,1,0,4,2,347082,7,11.0
True,False,False,False,False,False,True,False,True,False,False,0,0,1,0,2908,2,32.0
True,False,False,False,False,True,False,False,True,False,False,0,1,1,0,17761,2,50.0
True,False,False,False,False,True,False,False,False,True,False,0,0,0,0,693,1,64.0
False,False,True,False,False,False,True,False,True,False,False,1,0,1,0,2908,2,19.0
True,False,False,False,False,False,True,False,False,True,False,0,1,0,0,2146,1,33.654288064147394
True,False,False,False,False,False,False,True,True,False,False,0,0,1,1,363291,3,33.0
False,False,False,True,False,False,True,False,False,False,True,0,0,1,1,33112,3,8.0
True,False,False,False,False,True,False,False,False,False,True,0,1,0,2,17421,3,17.0
True,False,False,False,False,False,True,False,False,True,False,0,0,0,0,244358,1,27.0
True,False,False,False,False,False,False,True,False,True,False,0,2,0,0,330979,1,27.700635030564737
True,False,False,False,False,False,False,True,False,True,False,0,1,0,0,2620,1,22.0
False,True,False,False,False,False,False,True,False,True,False,1,0,0,0,347085,1,22.0
True,False,False,False,False,True,False,False,False,True,False,0,0,0,0,113807,1,62.0
False,False,False,False,True,True,False,False,False,True,False,1,1,1,0,11755,2,48.0
True,False,False,False,False,True,False,False,True,False,False,0,1,0,0,17757,1,39.4691606598445
False,False,True,False,False,True,False,False,False,False,True,1,0,1,1,110413,3,39.0
False,False,True,False,False,False,False,True,False,True,False,1,0,1,0,345572,2,36.0
True,False,False,False,False,False,False,True,False,True,False,0,2,0,0,372622,1,27.703331921103715
True,False,False,False,False,False,False,True,False,True,False,0,0,0,0,349251,1,40.0
True,False,False,False,False,False,True,False,False,True,False,0,0,0,0,218629,1,28.0
True,False,False,False,False,False,False,True,False,True,False,0,0,0,0,392082,1,27.664402075557916
False,True,False,False,False,False,False,True,False,True,False,1,0,0,0,392087,1,25.13393692769857
True,False,False,False,False,False,False,True,False,False,True,0,0,2,0,4,3,24.0
True,False,False,False,False,False,False,True,False,True,False,0,0,0,0,349205,1,19.0
False,False,True,False,False,False,False,True,False,False,True,1,0,0,4,349909,5,29.0
True,False,False,False,False,False,False,True,False,True,False,0,1,0,0,2686,1,27.660782629211266
True,False,False,False,False,False,False,True,False,True,False,0,0,0,0,350417,1,32.0
True,False,False,False,False,False,True,False,False,False,True,0,0,0,0,752,1,62.0
False,False,True,False,False,True,False,False,False,True,False,1,0,2,0,11769,3,53.0
True,False,False,False,False,True,False,False,False,True,False,0,0,0,0,17474,1,36.0
False,True,False,False,False,False,False,True,True,False,False,1,2,0,0,14312,1,25.194240600167007
True,False,False,False,False,False,False,True,False,True,False,0,0,0,0,4,1,16.0
True,False,False,False,False,False,False,True,False,False,True,0,0,0,0,358585,1,19.0
False,True,False,False,False,False,True,False,False,True,False,1,0,0,0,243880,1,34.0
False,False,True,False,False,True,False,False,False,False,True,1,0,1,0,13507,2,39.0
False,False,True,False,False,False,False,True,False,True,False,1,1,1,0,2689,2,21.416314098766772
True,False,False,False,False,False,False,True,False,True,False,0,0,0,0,2,1,32.0
False,True,False,False,False,False,True,False,False,True,False,1,0,1,1,237789,3,25.0
False,False,True,False,False,True,False,False,False,False,True,1,1,1,1,17421,3,39.0
True,False,False,False,False,False,True,False,False,False,True,0,0,0,0,28403,1,54.0
True,False,False,False,False,True,False,False,False,True,False,0,1,0,0,13049,1,36.0
True,False,False,False,False,False,False,True,False,True,False,0,1,0,0,3411,1,27.65922686335017
False,True,False,False,False,True,False,False,False,False,True,1,0,0,2,110413,3,18.0
True,False,False,False,False,False,True,False,False,True,False,0,0,0,0,237565,1,47.0
True,False,False,False,False,True,False,False,False,True,False,0,1,1,1,13567,3,60.0
True,False,False,False,False,False,False,True,False,True,False,0,0,0,0,14973,1,22.0
True,False,False,False,False,False,False,True,False,True,False,0,0,0,0,5,1,27.639815292160385
True,False,False,False,False,False,False,True,False,True,False,0,0,0,0,2,1,35.0
False,False,True,False,False,True,False,False,True,False,False,1,1,1,0,36947,2,52.0
True,False,False,False,False,False,False,True,False,True,False,0,0,0,0,5,1,47.0
False,True,False,False,False,False,False,True,False,True,False,1,2,0,2,364848,3,23.52584307600972
True,False,False,False,False,False,True,False,False,True,False,0,0,1,0,29037,2,37.0
True,False,False,False,False,False,False,True,False,False,True,0,0,1,1,345773,3,36.0
False,True,False,False,False,False,True,False,False,False,True,1,0,0,0,248727,1,31.05486985541434
True,False,False,False,False,False,False,True,False,False,True,0,0,0,0,5,1,49.0
True,False,False,False,False,False,False,True,False,True,False,0,1,0,0,2664,1,27.660785783533242
False,False,False,False,True,True,False,False,True,False,False,0,1,1,0,17485,2,49.0
False,False,True,False,False,False,True,False,False,False,True,1,0,2,1,243847,4,24.0
True,False,False,False,False,False,False,True,False,True,False,0,0,0,0,349214,1,27.661880322903812
True,False,False,False,False,True,False,False,False,True,False,0,0,0,0,113796,1,39.611269977303444
True,False,False,False,False,False,False,True,False,True,False,0,0,0,0,364511,1,44.0
True,False,False,False,False,True,False,False,False,True,False,0,1,0,0,111426,1,35.0
True,False,False,False,False,False,False,True,False,True,False,0,0,1,0,349910,2,36.0
True,False,False,False,False,False,False,True,False,True,False,0,0,0,0,349246,1,30.0
True,False,False,False,False,True,False,False,False,True,False,0,0,0,0,113804,1,27.0
False,False,True,False,False,False,True,False,False,False,True,1,1,1,2,2123,4,22.0
False,True,False,False,False,True,False,False,False,False,True,1,0,0,0,17582,1,40.0
False,False,True,False,False,False,False,True,False,False,True,1,0,1,5,347082,7,39.0
True,False,False,False,False,False,False,True,False,True,False,0,0,0,0,3101305,1,27.835374430996296
False,True,False,False,False,False,False,True,True,False,False,1,2,1,0,367230,2,22.36342911722992
True,False,False,False,False,False,False,True,False,True,False,0,2,0,0,370377,1,27.703191139245234
True,False,False,False,False,False,False,True,False,True,False,0,0,0,0,364512,1,35.0
False,True,False,False,False,False,True,False,True,False,False,1,0,1,2,220845,4,24.0
True,False,False,False,False,False,False,True,False,False,True,0,0,1,1,347080,3,34.0
False,False,True,False,False,False,False,True,False,False,True,1,0,1,0,5,2,26.0
False,True,False,False,False,False,True,False,True,False,False,1,0,2,1,230136,4,4.0
True,False,False,False,False,False,True,False,False,True,False,0,0,0,0,31028,1,26.0
True,False,False,False,False,False,False,True,True,False,False,0,1,1,0,2659,2,27.0
True,False,False,False,False,True,False,False,False,True,False,0,0,1,0,11753,2,42.0
True,False,False,False,False,False,False,True,True,False,False,0,1,1,1,2653,3,20.0
True,False,False,False,False,False,False,True,False,False,True,0,0,0,0,350029,1,21.0
True,False,False,False,False,False,False,True,False,False,True,0,0,0,0,54636,1,21.0
True,False,False,False,False,True,False,False,False,True,False,0,0,0,0,36963,1,61.0
False,False,False,False,True,False,True,False,False,True,False,0,2,0,0,219533,1,57.0
False,True,False,False,False,True,False,False,True,False,False,1,0,0,0,13502,1,21.0
True,False,False,False,False,False,False,True,False,True,False,0,0,0,0,349224,1,26.0
True,False,False,False,False,False,False,True,False,True,False,0,2,0,0,334912,1,27.700985189871055
True,False,False,False,False,True,False,False,False,True,False,0,0,0,0,27042,1,80.0
True,False,False,False,False,False,False,True,False,True,False,0,0,0,0,347743,1,51.0
False,False,False,False,True,True,False,False,False,True,False,0,1,0,0,13214,1,32.0
True,False,False,False,False,True,False,False,False,True,False,0,0,0,0,112052,1,39.65693162952363
False,True,False,False,False,False,False,True,False,False,True,1,0,3,2,347088,6,9.0
False,True,False,False,False,False,True,False,False,True,False,1,0,0,0,237668,1,28.0
True,False,False,False,False,False,False,True,False,True,False,0,0,0,0,2,1,32.0
True,False,False,False,False,False,True,False,True,False,False,0,0,1,1,31921,3,31.0
False,False,True,False,False,False,False,True,False,False,True,1,0,0,5,3101295,6,41.0
True,False,False,False,False,False,False,True,True,False,False,0,0,1,0,376564,2,24.85400588952833
True,False,False,False,False,False,False,True,False,False,True,0,0,0,0,350050,1,20.0
False,False,False,False,True,True,False,False,True,False,False,1,1,0,0,17477,1,24.0
False,True,False,False,False,False,False,True,False,False,True,1,0,3,2,347088,6,2.0
True,False,False,False,False,False,False,True,False,False,True,0,0,0,0,1601,1,27.543774460225585
False,True,False,False,False,False,False,True,True,False,False,1,1,2,1,2666,4,0.75
True,False,False,False,False,True,False,False,True,False,False,0,1,1,0,17572,2,48.0
True,False,False,False,False,False,False,True,False,True,False,0,0,0,0,349231,1,19.0
False,False,False,False,True,True,False,False,False,True,False,0,1,0,0,13213,1,56.0
True,False,False,False,False,False,False,True,False,True,False,0,0,0,0,751,1,27.64040182568241
False,True,False,False,False,False,False,True,False,True,False,1,0,0,0,2314,1,23.0
True,False,False,False,False,False,False,True,False,True,False,0,0,0,0,349221,1,27.66188076186729
False,True,False,False,False,False,True,False,True,False,False,1,0,0,1,231919,2,18.0
True,False,False,False,False,False,False,True,False,True,False,0,0,0,0,8475,1,21.0
False,True,False,False,False,False,False,True,False,True,False,1,2,0,0,330919,1,25.170165806615948
False,True,False,False,False,False,False,True,False,True,False,1,2,0,0,365226,1,18.0
True,False,False,False,False,False,True,False,False,False,True,0,0,2,0,14879,3,24.0
True,False,False,False,False,False,False,True,False,True,False,0,0,0,0,349223,1,27.661880887285427
False,False,True,False,False,False,False,True,False,False,True,1,2,1,1,364849,3,32.0
True,False,False,False,False,False,True,False,False,True,False,0,0,0,0,29751,1,23.0
True,False,False,False,False,True,False,False,True,False,False,0,1,0,2,35273,3,58.0
False,False,False,False,True,True,False,False,True,False,False,0,0,2,0,17611,3,50.0
True,False,False,False,False,False,False,True,False,True,False,0,1,0,0,2623,1,40.0
True,False,False,False,False,True,False,False,False,True,False,0,0,0,0,5727,1,47.0
True,False,False,False,False,False,False,True,False,False,True,0,0,0,0,349210,1,36.0
True,False,False,False,False,False,False,True,False,True,False,0,0,1,0,2,2,20.0
True,False,False,False,False,False,True,False,False,False,True,0,0,2,0,14879,3,32.0
True,False,False,False,False,False,True,False,False,True,False,0,0,0,0,234686,1,25.0
True,False,False,False,False,False,False,True,False,True,False,0,0,0,0,312993,1,27.659739341956325
True,False,False,False,False,False,False,True,False,True,False,0,0,0,0,5,1,43.0
False,False,True,False,False,True,False,False,True,False,False,1,0,1,0,19996,2,35.774774724697615
False,False,True,False,False,False,True,False,False,False,True,1,0,1,1,29750,3,40.0
True,False,False,False,False,True,False,False,False,True,False,0,0,1,0,12750,2,31.0
True,False,False,False,False,False,True,False,False,True,False,0,0,0,0,24580,1,70.0
True,False,False,False,False,False,True,False,False,True,False,0,0,0,0,244270,1,31.0
True,False,False,False,False,False,True,False,False,True,False,0,0,0,0,239856,1,33.66424612019099
True,False,False,False,False,False,False,True,False,True,False,0,0,0,0,349912,1,18.0
True,False,False,False,False,False,False,True,False,True,False,0,0,0,0,342826,1,24.5
False,True,False,False,False,False,False,True,False,True,False,1,0,0,0,4138,1,18.0
False,False,True,False,False,False,False,True,False,False,True,1,0,1,6,2144,8,43.0
True,False,False,False,False,True,False,False,True,False,False,0,1,0,1,17755,2,36.0
False,True,False,False,False,False,False,True,False,True,False,1,2,0,0,330935,1,25.16983399853438
True,False,False,False,False,True,False,False,True,False,False,0,1,0,0,17572,1,27.0
True,False,False,False,False,False,False,True,False,True,False,0,0,0,0,6563,1,20.0
True,False,False,False,False,False,False,True,False,False,True,0,0,5,2,2144,8,14.0
True,False,False,False,False,False,True,False,True,False,False,0,0,1,1,29750,3,60.0
True,False,False,False,False,False,True,False,True,False,False,0,1,1,2,2123,4,25.0
True,False,False,False,False,False,False,True,False,False,True,0,0,4,1,3101295,6,14.0
True,False,False,False,False,False,False,True,False,True,False,0,0,0,0,349228,1,19.0
True,False,False,False,False,False,False,True,False,True,False,0,0,0,0,350036,1,18.0
False,True,False,False,False,True,False,False,True,False,False,1,0,0,1,24160,2,15.0
True,False,False,False,False,True,False,False,True,False,False,0,0,1,0,17474,2,31.0
False,True,False,False,False,False,False,True,False,True,False,1,1,0,1,349256,2,4.0
True,False,False,False,False,False,False,True,False,False,True,0,0,0,0,1601,1,27.543774460225585
True,False,False,False,False,False,False,True,False,True,False,0,1,0,0,2672,1,25.0
False,False,False,False,True,True,False,False,False,True,False,0,0,0,0,113800,1,60.0
True,False,False,False,False,False,True,False,False,True,False,0,0,0,0,248731,1,52.0
True,False,False,False,False,False,False,True,False,True,False,0,0,0,0,363592,1,44.0
False,True,False,False,False,False,False,True,False,True,False,1,2,0,0,35852,1,25.151765954480986
True,False,False,False,False,True,False,False,True,False,False,0,1,1,1,17421,3,49.0
True,False,False,False,False,False,False,True,False,True,False,0,0,0,0,348121,1,42.0
False,False,True,False,False,True,False,False,False,False,True,1,1,1,0,17757,2,18.0
True,False,False,False,False,True,False,False,False,True,False,0,0,0,0,17475,1,35.0
False,True,False,False,False,False,False,True,False,False,True,1,1,0,1,2691,2,18.0
True,False,False,False,False,False,False,True,False,True,False,0,2,0,0,36864,1,25.0
True,False,False,False,False,False,False,True,False,False,True,0,0,1,0,350025,2,26.0
True,False,False,False,False,False,True,False,True,False,False,0,0,0,0,250655,1,39.0
False,False,True,False,False,False,True,False,False,True,False,1,0,0,0,223596,1,45.0
True,False,False,False,False,True,False,False,False,True,False,0,0,0,0,17476,1,42.0
False,True,False,False,False,True,False,False,False,False,True,1,0,0,0,113781,1,22.0
False,False,False,True,False,False,False,True,True,False,False,0,1,1,1,2661,3,21.443257320189495
False,False,False,False,True,True,False,False,False,True,False,1,1,0,0,17482,1,24.0
True,False,False,False,False,True,False,False,False,True,False,0,0,0,0,113028,1,42.00090352129594
True,False,False,False,False,True,False,False,True,False,False,0,0,1,0,19996,2,48.0
True,False,False,False,False,False,False,True,False,True,False,0,0,0,0,7545,1,29.0
True,False,False,False,False,False,True,False,False,False,True,0,0,0,0,250647,1,52.0
True,False,False,False,False,False,False,True,False,True,False,0,0,0,0,348124,1,19.0
False,True,False,False,False,True,False,False,False,False,True,1,1,0,0,17757,1,38.0
False,True,False,False,False,False,True,False,False,True,False,1,0,0,0,34218,1,27.0
True,False,False,False,False,False,False,True,False,True,False,0,2,0,0,36568,1,27.673892123209388
True,False,False,False,False,False,False,True,False,True,False,0,0,0,0,347062,1,33.0
False,True,False,False,False,False,True,False,False,False,True,1,0,0,1,248727,2,6.0
True,False,False,False,False,False,False,True,False,True,False,0,0,1,0,350048,2,17.0
True,False,False,False,False,False,True,False,False,True,False,0,0,0,0,12233,1,34.0
True,False,False,False,False,False,True,False,False,True,False,0,0,0,0,250643,1,50.0
True,False,False,False,False,True,False,False,True,False,False,0,0,1,0,113806,2,27.0
True,False,False,False,False,False,False,True,False,False,True,0,0,0,0,315094,1,20.0
False,False,True,False,False,False,True,False,False,False,True,1,0,3,0,31027,4,30.0
False,True,False,False,False,False,False,True,False,True,False,1,2,0,0,36866,1,25.151825007554834
True,False,False,False,False,False,True,False,False,True,False,0,0,1,0,236853,2,25.0
False,True,False,False,False,False,False,True,False,True,False,1,0,1,0,2,2,25.0
False,True,False,False,False,True,False,False,True,False,False,1,0,0,0,24160,1,29.0
True,False,False,False,False,False,False,True,True,False,False,0,1,0,0,2699,1,11.0
True,False,False,False,False,False,True,False,False,True,False,0,0,0,0,239855,1,33.66424605748192
True,False,False,False,False,False,True,False,False,True,False,0,0,0,0,28425,1,23.0
True,False,False,False,False,False,True,False,False,True,False,0,0,0,0,233639,1,23.0
True,False,False,False,False,False,False,True,False,False,True,0,0,0,0,54636,1,28.5
False,False,True,False,False,False,False,True,False,False,True,1,0,1,3,6608,5,48.0
True,False,False,False,False,True,False,False,True,False,False,0,1,0,0,17755,1,35.0
True,False,False,False,False,False,False,True,False,True,False,0,0,0,0,349201,1,27.661879507685924
True,False,False,False,False,False,False,True,False,True,False,0,0,0,0,349218,1,27.661880573740085
True,False,False,False,False,True,False,False,False,True,False,0,0,0,0,16988,1,41.5957280583101
True,False,False,False,False,True,False,False,True,False,False,0,0,1,0,19877,2,36.0
False,True,False,False,False,True,False,False,True,False,False,1,1,2,2,17608,5,21.0
True,False,False,False,False,False,False,True,False,True,False,0,0,1,0,376566,2,24.0
True,False,False,False,False,False,False,True,False,True,False,0,0,0,0,2,1,31.0
False,False,False,False,True,True,False,False,True,False,False,0,0,1,1,5735,3,70.0
True,False,False,False,False,False,False,True,True,False,False,0,0,1,1,2673,3,16.0
False,True,False,False,False,False,True,False,False,True,False,1,0,0,0,250648,1,30.0
True,False,False,False,False,True,False,False,False,True,False,0,0,1,0,113773,2,19.0
True,False,False,False,False,False,False,True,False,True,False,0,2,0,0,335097,1,31.0
False,True,False,False,False,False,True,False,False,True,False,1,0,1,1,29103,3,4.0
False,False,False,True,False,False,False,True,True,False,False,0,0,0,1,392096,2,6.0
True,False,False,False,False,False,False,True,False,True,False,0,0,0,0,345780,1,33.0
True,False,False,False,False,False,False,True,False,True,False,0,0,0,0,349204,1,23.0
False,False,True,False,False,False,True,False,True,False,False,1,0,1,2,220845,4,48.0
False,False,False,True,False,False,True,False,True,False,False,0,0,1,1,250649,3,0.67
True,False,False,False,False,False,False,True,False,True,False,0,0,0,0,350042,1,28.0
True,False,False,False,False,False,True,False,False,True,False,0,0,0,0,29108,1,18.0
True,False,False,False,False,False,False,True,False,True,False,0,0,0,0,363294,1,34.0
False,False,False,False,True,True,False,False,True,False,False,1,0,0,0,110152,1,33.0
True,False,False,False,False,False,False,True,False,False,True,0,0,0,0,358585,1,27.61149527515529
True,False,False,False,False,False,False,True,False,True,False,0,0,0,0,2,1,41.0
True,False,False,False,False,False,False,True,False,True,False,0,1,0,0,2663,1,20.0
False,False,True,False,False,True,False,False,True,False,False,1,0,1,2,113760,4,36.0
True,False,False,False,False,False,False,True,False,True,False,0,0,0,0,347074,1,16.0
False,False,True,False,False,True,False,False,True,False,False,1,0,1,0,13502,2,51.0
False,False,False,False,True,True,False,False,False,True,False,0,1,0,0,112379,1,36.1876251712962
False,True,False,False,False,False,False,True,False,True,False,1,2,0,0,364850,1,30.5
True,False,False,False,False,False,False,True,False,False,True,0,2,1,0,371110,2,24.797113317075365
True,False,False,False,False,False,False,True,False,True,False,0,0,0,0,8471,1,32.0
True,False,False,False,False,False,False,True,False,True,False,0,0,0,0,345781,1,24.0
True,False,False,False,False,False,False,True,False,False,True,0,0,0,0,350047,1,48.0
False,False,True,False,False,False,True,False,False,False,True,1,0,0,0,3,1,57.0
True,False,False,False,False,False,False,True,False,True,False,0,1,0,0,2674,1,27.660786410623924
False,False,True,False,False,False,True,False,False,True,False,1,0,1,3,29105,5,54.0
True,False,False,False,False,False,False,True,False,True,False,0,0,0,0,347078,1,18.0
True,False,False,False,False,False,False,True,False,True,False,0,2,0,0,383121,1,28.890276077862193
False,True,False,False,False,False,False,True,True,False,False,1,0,0,0,364516,1,5.0
True,False,False,False,False,False,False,True,False,True,False,0,2,0,0,36865,1,27.68229040625045
False,False,True,False,False,True,False,False,True,False,False,1,0,0,1,24160,2,43.0
False,True,False,False,False,False,False,True,False,True,False,1,1,0,0,2687,1,13.0
False,False,True,False,False,True,False,False,True,False,False,1,0,1,0,17474,2,17.0
True,False,False,False,False,True,False,False,False,True,False,0,0,0,0,113501,1,29.0
True,False,False,False,False,False,False,True,False,False,True,0,0,1,2,6607,4,23.088649131234966
True,False,False,False,False,False,False,True,False,False,True,0,0,0,0,3101312,1,25.0
True,False,False,False,False,False,False,True,False,True,False,0,0,0,0,374887,1,25.0
False,True,False,False,False,False,False,True,False,True,False,1,0,0,0,3101265,1,18.0
False,False,False,True,False,False,False,True,False,False,True,0,2,4,1,382652,6,8.0
False,False,False,True,False,False,False,True,False,False,True,0,0,1,2,2315,4,1.0
True,False,False,False,False,True,False,False,False,False,True,0,1,0,0,17593,1,46.0
True,False,False,False,False,False,False,True,False,True,False,0,2,0,0,12460,1,27.680746497623065
True,False,False,False,False,False,True,False,False,False,True,0,0,0,0,239865,1,16.0
False,True,False,False,False,False,False,True,False,False,True,1,0,8,2,2343,11,0.596115751556745
True,False,False,False,False,True,False,False,False,True,False,0,1,0,0,17600,1,39.637785515759724
True,False,False,False,False,False,False,True,False,True,False,0,0,0,0,349203,1,25.0
True,False,False,False,False,False,True,False,False,True,False,0,0,0,0,28213,1,39.0
False,False,False,False,True,True,False,False,False,True,False,1,0,0,0,17465,1,49.0
False,False,True,False,False,False,False,True,False,True,False,1,0,0,0,349244,1,31.0
True,False,False,False,False,False,False,True,False,True,False,0,1,0,0,2685,1,30.0
False,False,True,False,False,False,False,True,False,False,True,1,0,1,1,345773,3,30.0
True,False,False,False,False,False,True,False,False,False,True,0,0,0,0,250647,1,34.0
False,False,True,False,False,False,True,False,False,False,True,1,0,1,1,31921,3,31.0
False,False,False,True,False,True,False,False,True,False,False,0,0,1,2,113760,4,11.0
False,False,False,True,False,False,False,True,False,True,False,0,1,0,1,2625,2,0.42
True,False,False,False,False,False,False,True,False,True,False,0,0,0,0,347089,1,27.0
True,False,False,False,False,False,False,True,False,True,False,0,0,0,0,347063,1,31.0
True,False,False,False,False,True,False,False,False,True,False,0,0,0,0,112050,1,39.0
False,True,False,False,False,False,False,True,False,True,False,1,0,0,0,347087,1,18.0
True,False,False,False,False,False,True,False,False,True,False,0,0,0,0,248723,1,39.0
False,False,True,False,False,True,False,False,True,False,False,1,0,1,0,113806,2,33.0
True,False,False,False,False,False,False,True,False,True,False,0,0,0,0,3474,1,26.0
True,False,False,False,False,False,False,True,False,False,True,0,0,0,0,4,1,39.0
True,False,False,False,False,False,True,False,False,True,False,0,0,0,0,28206,1,35.0
False,True,False,False,False,False,False,True,False,False,True,1,0,4,2,347082,7,6.0
True,False,False,False,False,False,False,True,False,True,False,0,0,0,0,364499,1,30.5
True,False,False,False,False,True,False,False,False,True,False,0,0,0,0,112058,1,42.42493214569404
False,True,False,False,False,False,False,True,False,True,False,1,0,0,0,2,1,23.0
True,False,False,False,False,False,True,False,True,False,False,0,1,1,1,2079,3,31.0
True,False,False,False,False,False,False,True,False,True,False,0,0,0,0,7075,1,43.0
False,False,False,True,False,False,False,True,False,False,True,0,0,3,2,347088,6,10.0
False,False,True,False,False,True,False,False,True,False,False,1,0,1,1,12749,3,52.0
True,False,False,False,False,False,False,True,False,True,False,0,0,0,0,315098,1,27.0
False,False,False,False,True,True,False,False,False,True,False,0,0,0,0,19972,1,38.0
False,False,True,False,False,False,False,True,True,False,False,1,0,0,1,392096,2,27.0
False,False,False,True,False,False,False,True,False,False,True,0,0,4,1,3101295,6,2.0
True,False,False,False,False,False,False,True,False,True,False,0,2,0,0,368323,1,27.703925938910043
True,False,False,False,False,False,False,True,False,False,True,0,0,0,0,1601,1,27.543774460225585
False,False,False,True,False,False,True,False,False,False,True,0,1,0,2,2079,3,1.0
True,False,False,False,False,False,False,True,False,True,False,0,2,0,0,367228,1,27.702993668388952
False,False,True,False,False,True,False,False,True,False,False,1,0,0,0,113572,1,62.0
False,False,True,False,False,False,False,True,False,False,True,1,1,1,0,2659,2,15.0
False,False,False,True,False,False,True,False,True,False,False,0,0,1,1,29106,3,0.83
True,False,False,False,False,False,False,True,False,True,False,0,1,0,0,2671,1,27.66078168857524
True,False,False,False,False,False,False,True,False,True,False,0,0,0,0,347468,1,23.0
True,False,False,False,False,False,False,True,False,True,False,0,0,0,0,2223,1,18.0
False,True,False,False,False,True,False,False,False,True,False,1,1,1,1,17756,3,39.0
True,False,False,False,False,False,False,True,False,True,False,0,0,0,0,315097,1,21.0
True,False,False,False,False,False,False,True,False,True,False,0,0,0,0,392092,1,27.6644027026486
True,False,False,False,False,False,False,True,False,False,True,0,0,0,0,1601,1,32.0
True,False,False,False,False,True,False,False,False,True,False,0,1,0,0,11774,1,42.01106669241941
True,False,False,False,False,False,False,True,False,True,False,0,0,0,0,2,1,20.0
True,False,False,False,False,False,True,False,False,False,True,0,0,0,0,3,1,16.0
False,True,False,False,False,True,False,False,False,False,True,1,1,0,0,113798,1,30.0
True,False,False,False,False,False,False,True,False,True,False,0,1,0,0,2683,1,34.5
True,False,False,False,False,False,False,True,False,True,False,0,0,0,0,315090,1,17.0
True,False,False,False,False,False,False,True,False,True,False,0,0,0,0,5547,1,42.0
True,False,False,False,False,False,False,True,False,False,True,0,0,8,2,2343,11,3.126581212961426
True,False,False,False,False,False,False,True,False,True,False,0,1,0,0,349213,1,35.0
False,False,False,False,True,False,True,False,True,False,False,0,0,0,1,248727,2,28.0
False,False,True,False,False,True,False,False,True,False,False,1,1,1,0,17453,2,35.75447423812528
False,False,False,True,False,False,False,True,False,False,True,0,0,4,2,347082,7,4.0
True,False,False,False,False,False,False,True,False,True,False,0,0,0,0,347060,1,74.0
False,True,False,False,False,False,False,True,False,False,True,1,1,1,1,2678,3,9.0
False,True,False,False,False,True,False,False,False,True,False,1,0,0,1,17592,2,16.0
False,False,True,False,False,False,True,False,False,False,True,1,0,1,0,244252,2,44.0
False,False,True,False,False,False,False,True,False,True,False,1,0,0,1,392091,2,18.0
False,False,True,False,False,True,False,False,True,False,False,1,0,1,1,36928,3,45.0
True,False,False,False,False,True,False,False,False,True,False,0,0,0,0,113055,1,51.0
False,False,True,False,False,False,False,True,True,False,False,1,1,0,3,2666,4,24.0
True,False,False,False,False,False,False,True,False,True,False,0,1,0,0,2629,1,27.660779054794368
True,False,False,False,False,False,False,True,False,True,False,0,0,2,0,350026,3,41.0
True,False,False,False,False,False,True,False,False,True,False,0,0,1,0,28134,2,21.0
False,False,True,False,False,True,False,False,False,True,False,1,0,0,0,17466,1,48.0
False,True,False,False,False,False,False,True,False,False,True,1,0,8,2,2343,11,0.596115751556745
True,False,False,False,False,False,True,False,False,True,False,0,0,0,0,233866,1,24.0
False,False,True,False,False,False,True,False,False,True,False,1,0,0,0,236852,1,42.0
False,True,False,False,False,False,True,False,False,True,False,1,1,1,0,2149,2,27.0
True,False,False,False,False,True,False,False,False,True,False,0,0,0,0,17590,1,31.0
True,False,False,False,False,False,False,True,False,True,False,0,0,0,0,345777,1,27.659933049731894
False,False,False,True,False,False,False,True,True,False,False,0,0,1,1,347742,3,4.0
True,False,False,False,False,False,False,True,False,True,False,0,0,0,0,349248,1,26.0
False,False,True,False,False,True,False,False,True,False,False,1,0,1,1,11751,3,47.0
True,False,False,False,False,True,False,False,False,True,False,0,0,0,0,695,1,33.0
True,False,False,False,False,False,False,True,False,True,False,0,0,0,0,345765,1,47.0
False,False,True,False,False,False,True,False,False,False,True,1,1,1,0,3381,2,28.0
False,True,False,False,False,False,False,True,False,True,False,1,1,0,0,2667,1,15.0
True,False,False,False,False,False,False,True,False,False,True,0,0,0,0,7534,1,20.0
True,False,False,False,False,False,False,True,False,False,True,0,0,0,0,349212,1,19.0
True,False,False,False,False,False,False,True,False,True,False,0,0,0,0,349217,1,27.66188051103102
False,False,True,False,False,True,False,False,True,False,False,1,1,0,1,11767,2,56.0
False,False,True,False,False,False,True,False,True,False,False,1,0,0,1,230433,2,25.0
True,False,False,False,False,False,False,True,False,True,False,0,0,0,0,349257,1,33.0
False,True,False,False,False,False,False,True,False,True,False,1,0,0,0,7552,1,22.0
True,False,False,False,False,False,True,False,False,True,False,0,0,0,0,34068,1,28.0
True,False,False,False,False,False,False,True,False,True,False,0,0,0,0,392076,1,25.0
False,False,True,False,False,False,False,True,False,False,True,1,2,0,5,382652,6,39.0
False,False,False,False,True,False,True,False,False,True,False,0,0,0,0,211536,1,27.0
False,True,False,False,False,True,False,False,False,True,False,1,0,0,0,112053,1,19.0
False,True,False,False,False,False,False,True,False,False,True,1,0,1,2,6607,4,20.558183669830278
True,False,False,False,False,True,False,False,False,True,False,0,1,0,0,111369,1,26.0
True,False,False,False,False,False,False,True,False,True,False,0,2,0,0,370376,1,32.0
